{"type": "FeatureCollection", "features": [{"id": "0", "type": "Feature", "properties": {"OBJECTID": 12, "SHAPE_Area": 39231769.6488, "SHAPE_Leng": 27472.718872, "applicat_1": null, "applicatio": 0, "award_da_1": "01 January 2009", "award_date": 2009, "award_type": "Gvt Direct Negot", "basin_name": "Chihuidos High (Neuquen Basin)", "block_alte": null, "block_even": null, "block_name": "Pampa Las Yeguas II - 1", "block_rest": "No", "block_sqkm": 24.38, "block_stat": "Surf Expl/Drilling", "block_vali": "Y", "contract_1": "Company Name Change", "contract_2": "Total Austral SA", "contract_3": 64.8, "contract_4": 64.8, "contract_5": 0.0, "contract_a": null, "contract_b": "Pampa Las Yeguas II~Pampa Las Yeguas II - 1", "contract_d": 0.0, "contract_g": "TOTAL 16", "contract_n": "Pampa Las Yeguas II", "contract_o": "TOTAL", "contract_s": "Surf Expl/Drilling", "contract_t": "Exploration Permit", "country_id": 1130.0, "country_na": "Argentina", "data_owner": "IHS Energy", "datum_name": "W.G.S. 84", "datum_shif": "Original WGS84 Coord", "datum_tran": 0.0, "deep_water": 0.0, "end_date_t": null, "epc_id": 100000056819.0, "exp_expi_1": "17 October 2020", "exp_expiry": "Accurate", "expiry_d_1": null, "expiry_dat": 0, "expiry_sch": null, "farm_in_to": 0.0, "ga_id": 100000498481.0, "general_cl": "Contract", "general_co": "License/Lease", "group_name": "TOTAL 16", "licensing_": null, "main_fss_z": null, "main_polit": "Neuquen", "max_water1": 0.0, "max_water_": 0.0, "median_w_1": 0.0, "median_wat": 0.0, "min_water1": 0.0, "min_water_": 0.0, "ons_offs_1": "ONS", "ons_offsho": "Onshore", "onshore_sq": 24.38, "operator_a": "TOTAL", "operator_n": "Total Austral SA", "par_id": 100000221751.0, "pct_of_ori": 36.9399986267, "previous_b": null, "prod_expir": null, "reduction_": null, "region_id": 100000002827.0, "region_nam": "Latin America", "renewal_sc": null, "resource_t": "Unconventional", "rights_a_1": 0.0, "rights_abo": 0.0, "rights_b_1": 0.0, "rights_bel": 0.0, "rights_typ": "Surf Expl/Drilling", "shelf_sqkm": 0.0, "stage_numb": 12, "start_date": "28 May 2021", "terrains": "Land", "unc_type1": "Shale Gas", "unc_type2": null}, "geometry": {"type": "Polygon", "coordinates": [[[-7707549.033600001, -4571111.9441], [-7707526.880999999, -4564806.4289], [-7700093.856000001, -4564837.040600002], [-7700093.856000001, -4564838.733399998], [-7700098.9767, -4567368.671599999], [-7701170.7608, -4567366.555100001], [-7701173.3211, -4568747.897100002], [-7702681.700200001, -4568744.6514], [-7702686.7096, -4571123.236400001], [-7707549.033600001, -4571111.9441]]]}}, {"id": "1", "type": "Feature", "properties": {"OBJECTID": 31, "SHAPE_Area": 411029004.453, "SHAPE_Leng": 80949.9705183, "applicat_1": null, "applicatio": 0, "award_da_1": "22 November 2018", "award_date": 2018, "award_type": "Gvt Direct Negot", "basin_name": "Neuquen Embayment (Neuquen Basin)", "block_alte": null, "block_even": null, "block_name": "Bajada del Palo Oeste", "block_rest": "No", "block_sqkm": 253.5, "block_stat": "Production", "block_vali": "Y", "contract_1": "Merger", "contract_2": "Vista Oil & Gas Argentina SA", "contract_3": 253.5, "contract_4": 253.5, "contract_5": 0.0, "contract_a": null, "contract_b": "Bajada del Palo Oeste", "contract_d": 0.0, "contract_g": "VISTA OG AR", "contract_n": "Bajada del Palo Oeste", "contract_o": "VISTA AR", "contract_s": "Production", "contract_t": "Exploitation Concess", "country_id": 1130.0, "country_na": "Argentina", "data_owner": "IHS Energy", "datum_name": "W.G.S. 84", "datum_shif": "Original WGS84 Coord", "datum_tran": 0.0, "deep_water": 0.0, "end_date_t": null, "epc_id": 100000100428.0, "exp_expi_1": null, "exp_expiry": null, "expiry_d_1": null, "expiry_dat": 0, "expiry_sch": null, "farm_in_to": 0.0, "ga_id": 100000414737.0, "general_cl": "Contract", "general_co": "License/Lease", "group_name": "VISTA OG AR", "licensing_": null, "main_fss_z": null, "main_polit": "Neuquen", "max_water1": 0.0, "max_water_": 0.0, "median_w_1": 0.0, "median_wat": 0.0, "min_water1": 0.0, "min_water_": 0.0, "ons_offs_1": "ONS", "ons_offsho": "Onshore", "onshore_sq": 253.5, "operator_a": "VISTA AR", "operator_n": "Vista Oil & Gas Argentina SA", "par_id": 100000194825.0, "pct_of_ori": 100.0, "previous_b": "Bajada del Palo (CNQ-11 M)", "prod_expir": "22 November 2053", "reduction_": null, "region_id": 100000002827.0, "region_nam": "Latin America", "renewal_sc": null, "resource_t": "Unconventional", "rights_a_1": 0.0, "rights_abo": 0.0, "rights_b_1": 0.0, "rights_bel": 0.0, "rights_typ": "Dev/Production", "shelf_sqkm": 0.0, "stage_numb": 2, "start_date": "01 January 2019", "terrains": "Land", "unc_type1": "Shale Oil & Gas", "unc_type2": null}, "geometry": {"type": "Polygon", "coordinates": [[[-7646044.124399999, -4597482.270300001], [-7630060.8719, -4597412.363000002], [-7623617.9224, -4597379.2491], [-7621675.397299999, -4597369.0603], [-7621595.5812, -4611149.6063], [-7624221.607999999, -4613584.596999999], [-7625192.4253, -4614490.318799999], [-7645985.9043000005, -4614579.761399999], [-7646044.124399999, -4597482.270300001]]]}}, {"id": "2", "type": "Feature", "properties": {"OBJECTID": 78, "SHAPE_Area": 173150835.048, "SHAPE_Leng": 58410.7832457, "applicat_1": null, "applicatio": 0, "award_da_1": "16 July 2015", "award_date": 2015, "award_type": "Cp Direct Negot", "basin_name": "Neuquen Embayment (Neuquen Basin)", "block_alte": null, "block_even": null, "block_name": "Bandurria Norte", "block_rest": "No", "block_sqkm": 107.0, "block_stat": "Development", "block_vali": "Y", "contract_1": "New Inter Pend Apprv", "contract_2": "Wintershall Dea Argentina SA", "contract_3": 107.0, "contract_4": 107.0, "contract_5": 0.0, "contract_a": null, "contract_b": "Bandurria Norte", "contract_d": 0.0, "contract_g": "WINTERSH 5", "contract_n": "Bandurria Norte", "contract_o": "WINTERSH", "contract_s": "Development", "contract_t": "Exploitation Concess", "country_id": 1130.0, "country_na": "Argentina", "data_owner": "IHS Energy", "datum_name": "W.G.S. 84", "datum_shif": "Original WGS84 Coord", "datum_tran": 0.0, "deep_water": 0.0, "end_date_t": null, "epc_id": 100000091963.0, "exp_expi_1": null, "exp_expiry": null, "expiry_d_1": null, "expiry_dat": 0, "expiry_sch": "16 July 2050", "farm_in_to": 0.0, "ga_id": 100000298852.0, "general_cl": "Contract", "general_co": "License/Lease", "group_name": "WINTERSH 5", "licensing_": null, "main_fss_z": null, "main_polit": "Neuquen", "max_water1": 0.0, "max_water_": 0.0, "median_w_1": 0.0, "median_wat": 0.0, "min_water1": 0.0, "min_water_": 0.0, "ons_offs_1": "ONS", "ons_offsho": "Onshore", "onshore_sq": 107.0, "operator_a": "WINTERSH", "operator_n": "Wintershall Dea Argentina SA", "par_id": 100000225602.0, "pct_of_ori": 100.0, "previous_b": "Bandurria Norte", "prod_expir": null, "reduction_": null, "region_id": 100000002827.0, "region_nam": "Latin America", "renewal_sc": null, "resource_t": "Unconventional", "rights_a_1": 0.0, "rights_abo": 0.0, "rights_b_1": 0.0, "rights_bel": 0.0, "rights_typ": "Dev/Production", "shelf_sqkm": 0.0, "stage_numb": 7, "start_date": "16 September 2021", "terrains": "Land", "unc_type1": "Shale Oil & Gas", "unc_type2": null}, "geometry": {"type": "Polygon", "coordinates": [[[-7685040.7892, -4602826.627], [-7685035.3345, -4588488.348000001], [-7670174.9617, -4588486.6514], [-7670169.6184, -4593629.158599999], [-7674525.550100001, -4593632.695099998], [-7674519.761499999, -4602825.352699999], [-7685040.7892, -4602826.627]]]}}, {"id": "3", "type": "Feature", "properties": {"OBJECTID": 82, "SHAPE_Area": 288531253.697, "SHAPE_Leng": 69724.4714329, "applicat_1": null, "applicatio": 0, "award_da_1": "05 March 2021", "award_date": 2021, "award_type": "Gvt Direct Negot", "basin_name": "Neuquen Embayment (Neuquen Basin)", "block_alte": null, "block_even": null, "block_name": "Mata Mora Norte", "block_rest": "No", "block_sqkm": 176.22, "block_stat": "Production", "block_vali": "Y", "contract_1": "Official Award", "contract_2": "Phoenix Global Resources Plc", "contract_3": 176.22, "contract_4": 176.22, "contract_5": 0.0, "contract_a": null, "contract_b": "Mata Mora Norte", "contract_d": 0.0, "contract_g": "PHOENIX GL 1", "contract_n": "Mata Mora Norte", "contract_o": "PHOENIX GL", "contract_s": "Production", "contract_t": "Exploitation Concess", "country_id": 1130.0, "country_na": "Argentina", "data_owner": "IHS Energy", "datum_name": "W.G.S. 84", "datum_shif": "Original WGS84 Coord", "datum_tran": 0.0, "deep_water": 0.0, "end_date_t": null, "epc_id": 100000104305.0, "exp_expi_1": null, "exp_expiry": null, "expiry_d_1": null, "expiry_dat": 0, "expiry_sch": "05 March 2056", "farm_in_to": 0.0, "ga_id": 100000493625.0, "general_cl": "Contract", "general_co": "License/Lease", "group_name": "PHOENIX GL 1", "licensing_": null, "main_fss_z": null, "main_polit": "Neuquen", "max_water1": 0.0, "max_water_": 0.0, "median_w_1": 0.0, "median_wat": 0.0, "min_water1": 0.0, "min_water_": 0.0, "ons_offs_1": "ONS", "ons_offsho": "Onshore", "onshore_sq": 176.22, "operator_a": "PHOENIX GL", "operator_n": "Phoenix Global Resources Plc", "par_id": 100000193564.0, "pct_of_ori": 100.0, "previous_b": "Mata Mora Sur", "prod_expir": null, "reduction_": null, "region_id": 100000002827.0, "region_nam": "Latin America", "renewal_sc": null, "resource_t": "Unconventional", "rights_a_1": 0.0, "rights_abo": 0.0, "rights_b_1": 0.0, "rights_bel": 0.0, "rights_typ": "Dev/Production", "shelf_sqkm": 0.0, "stage_numb": 1, "start_date": "05 March 2021", "terrains": "Land", "unc_type1": "Shale Oil & Gas", "unc_type2": null}, "geometry": {"type": "Polygon", "coordinates": [[[-7612826.7223000005, -4642573.7738999985], [-7599460.925000001, -4642448.4120000005], [-7599412.0557, -4648278.648699999], [-7597555.2466, -4648289.8836], [-7597555.2466, -4650875.513500001], [-7597555.2466, -4654038.637899999], [-7597555.2466, -4657674.030299999], [-7597555.2466, -4661070.0702], [-7597555.2466, -4662187.191500001], [-7612716.293400001, -4662185.909899998], [-7612826.7223000005, -4642573.7738999985]]]}}, {"id": "4", "type": "Feature", "properties": {"OBJECTID": 88, "SHAPE_Area": 834925351.262, "SHAPE_Leng": 131183.636813, "applicat_1": null, "applicatio": 0, "award_da_1": "16 July 2015", "award_date": 2015, "award_type": "Cp Direct Negot", "basin_name": "Neuquen Embayment (Neuquen Basin)", "block_alte": null, "block_even": null, "block_name": "Lindero Atravesado (Unconventional)", "block_rest": "No", "block_sqkm": 511.5, "block_stat": "Development", "block_vali": "Y", "contract_1": "Co Status & Name Chg", "contract_2": "Pan American Energy Group", "contract_3": 511.5, "contract_4": 511.5, "contract_5": 0.0, "contract_a": null, "contract_b": "Lindero Atravesado (Unconventional)", "contract_d": 0.0, "contract_g": "PAN AM  1", "contract_n": "Lindero Atravesado (Unconventional)", "contract_o": "PAEG", "contract_s": "Development", "contract_t": "Exploitation Concess", "country_id": 1130.0, "country_na": "Argentina", "data_owner": "IHS Energy", "datum_name": "W.G.S. 84", "datum_shif": "Original WGS84 Coord", "datum_tran": 0.0, "deep_water": 0.0, "end_date_t": null, "epc_id": 100000091966.0, "exp_expi_1": null, "exp_expiry": null, "expiry_d_1": null, "expiry_dat": 0, "expiry_sch": "01 January 2060", "farm_in_to": 0.0, "ga_id": 100000298855.0, "general_cl": "Contract", "general_co": "License/Lease", "group_name": "PAN AM  1", "licensing_": null, "main_fss_z": null, "main_polit": "Neuquen", "max_water1": 0.0, "max_water_": 0.0, "median_w_1": 0.0, "median_wat": 0.0, "min_water1": 0.0, "min_water_": 0.0, "ons_offs_1": "ONS", "ons_offsho": "Onshore", "onshore_sq": 511.5, "operator_a": "PAEG", "operator_n": "Pan American Energy Group", "par_id": 100000209479.0, "pct_of_ori": 100.0, "previous_b": "Lindero Atravesado", "prod_expir": null, "reduction_": null, "region_id": 100000002827.0, "region_nam": "Latin America", "renewal_sc": null, "resource_t": "Unconventional", "rights_a_1": 0.0, "rights_abo": 0.0, "rights_b_1": 0.0, "rights_bel": 0.0, "rights_typ": "Dev/Production", "shelf_sqkm": 0.0, "stage_numb": 3, "start_date": "01 January 2020", "terrains": "Land", "unc_type1": "Tight Gas", "unc_type2": "Shale Oil"}, "geometry": {"type": "Polygon", "coordinates": [[[-7644051.839500001, -4675213.333000001], [-7637914.3507, -4659338.168299999], [-7619150.7826000005, -4659241.5013], [-7617209.3707, -4659169.0374], [-7617163.729699999, -4665903.263300002], [-7613449.7775, -4669408.348000001], [-7595692.6489, -4686095.936900001], [-7599194.203500001, -4693976.994800001], [-7604394.9388, -4691803.0295], [-7644051.839500001, -4675213.333000001]]]}}, {"id": "5", "type": "Feature", "properties": {"OBJECTID": 120, "SHAPE_Area": 372337380.503, "SHAPE_Leng": 95169.8205755, "applicat_1": null, "applicatio": 0, "award_da_1": "16 July 2015", "award_date": 2015, "award_type": "Cp Direct Negot", "basin_name": "Neuquen Embayment (Neuquen Basin)", "block_alte": null, "block_even": null, "block_name": "Bandurria Sur", "block_rest": "No", "block_sqkm": 228.5, "block_stat": "Development", "block_vali": "Y", "contract_1": "Company Name Change~Company Acquisition~New Interests", "contract_2": "YPF SA", "contract_3": 228.5, "contract_4": 228.5, "contract_5": 0.0, "contract_a": null, "contract_b": "Bandurria Sur", "contract_d": 0.0, "contract_g": "YPF 75", "contract_n": "Bandurria Sur", "contract_o": "YPF", "contract_s": "Development", "contract_t": "Exploitation Concess", "country_id": 1130.0, "country_na": "Argentina", "data_owner": "IHS Energy", "datum_name": "W.G.S. 84", "datum_shif": "Original WGS84 Coord", "datum_tran": 0.0, "deep_water": 0.0, "end_date_t": null, "epc_id": 100000091965.0, "exp_expi_1": null, "exp_expiry": null, "expiry_d_1": null, "expiry_dat": 0, "expiry_sch": null, "farm_in_to": 0.0, "ga_id": 100000298854.0, "general_cl": "Contract", "general_co": "License/Lease", "group_name": "YPF 75", "licensing_": null, "main_fss_z": null, "main_polit": "Neuquen", "max_water1": 0.0, "max_water_": 0.0, "median_w_1": 0.0, "median_wat": 0.0, "min_water1": 0.0, "min_water_": 0.0, "ons_offs_1": "ONS", "ons_offsho": "Onshore", "onshore_sq": 228.5, "operator_a": "YPF", "operator_n": "YPF SA", "par_id": 100000207405.0, "pct_of_ori": 100.0, "previous_b": "Bandurria Sur", "prod_expir": null, "reduction_": null, "region_id": 100000002827.0, "region_nam": "Latin America", "renewal_sc": "16 July 2020", "resource_t": "Unconventional", "rights_a_1": 0.0, "rights_abo": 0.0, "rights_b_1": 0.0, "rights_bel": 0.0, "rights_typ": "Dev/Production", "shelf_sqkm": 0.0, "stage_numb": 5, "start_date": "31 January 2020", "terrains": "Land", "unc_type1": "Shale Oil & Gas", "unc_type2": null}, "geometry": {"type": "Polygon", "coordinates": [[[-7671183.404999999, -4606457.6853], [-7659988.894400001, -4606440.830600001], [-7659980.990700001, -4610342.935199998], [-7649355.1, -4610315.730799999], [-7645985.9043000005, -4614579.761399999], [-7637673.3440000005, -4626032.276700001], [-7646657.8288, -4626079.9571], [-7652962.1855, -4620986.919399999], [-7671171.493799999, -4621020.6765], [-7671183.404999999, -4606457.6853]]]}}, {"id": "6", "type": "Feature", "properties": {"OBJECTID": 124, "SHAPE_Area": 293494071.539, "SHAPE_Leng": 74229.4179829, "applicat_1": null, "applicatio": 0, "award_da_1": "02 August 2019", "award_date": 2019, "award_type": "Gvt Direct Negot", "basin_name": "Malargue - Agrio Fold Belt (Neuquen Basin)", "block_alte": null, "block_even": null, "block_name": "Cortadera Sur", "block_rest": "No", "block_sqkm": 187.8, "block_stat": "Surf Expl/Drilling", "block_vali": "Y", "contract_1": "Official Award", "contract_2": "Selva Maria Oil SA", "contract_3": 187.8, "contract_4": 187.8, "contract_5": 0.0, "contract_a": null, "contract_b": "Cortadera Sur", "contract_d": 0.0, "contract_g": "SELVA MARIA 1", "contract_n": "Cortadera Sur", "contract_o": "SELVA MARI", "contract_s": "Surf Expl/Drilling", "contract_t": "Exploration Permit", "country_id": 1130.0, "country_na": "Argentina", "data_owner": "IHS Energy", "datum_name": "W.G.S. 84", "datum_shif": "Original WGS84 Coord", "datum_tran": 0.0, "deep_water": 0.0, "end_date_t": null, "epc_id": 100000104307.0, "exp_expi_1": null, "exp_expiry": null, "expiry_d_1": null, "expiry_dat": 0, "expiry_sch": "01 August 2027", "farm_in_to": 0.0, "ga_id": 100000493639.0, "general_cl": "Contract", "general_co": "License/Lease", "group_name": "SELVA MARIA 1", "licensing_": null, "main_fss_z": null, "main_polit": "Neuquen", "max_water1": 0.0, "max_water_": 0.0, "median_w_1": 0.0, "median_wat": 0.0, "min_water1": 0.0, "min_water_": 0.0, "ons_offs_1": "ONS", "ons_offsho": "Onshore", "onshore_sq": 187.8, "operator_a": "SELVA MARI", "operator_n": "Selva Maria Oil SA", "par_id": 100000196777.0, "pct_of_ori": 100.0, "previous_b": "Cortadera Sur", "prod_expir": null, "reduction_": null, "region_id": 100000002827.0, "region_nam": "Latin America", "renewal_sc": null, "resource_t": "Unconventional", "rights_a_1": 0.0, "rights_abo": 0.0, "rights_b_1": 0.0, "rights_bel": 0.0, "rights_typ": "Explorat/Production", "shelf_sqkm": 0.0, "stage_numb": 1, "start_date": "02 August 2019", "terrains": "Land", "unc_type1": "Unspecified", "unc_type2": null}, "geometry": {"type": "Polygon", "coordinates": [[[-7788679.7917, -4579332.2949], [-7788482.310900001, -4559947.085700002], [-7788482.088300001, -4559947.085700002], [-7773287.534399999, -4560115.583900001], [-7773338.0734, -4565833.309900001], [-7770806.890900001, -4565855.6008], [-7770877.5787, -4574055.547400001], [-7770888.599400001, -4574056.8182], [-7777443.424900001, -4573997.7995], [-7777493.852700001, -4579442.906100001], [-7788679.680400001, -4579332.2949], [-7788679.7917, -4579332.2949]]]}}, {"id": "7", "type": "Feature", "properties": {"OBJECTID": 126, "SHAPE_Area": 321027551.005, "SHAPE_Leng": 73884.8904412, "applicat_1": null, "applicatio": 0, "award_da_1": "22 November 2018", "award_date": 2018, "award_type": "Gvt Direct Negot", "basin_name": "Neuquen Embayment (Neuquen Basin)", "block_alte": null, "block_even": null, "block_name": "Bajada del Palo Este", "block_rest": "No", "block_sqkm": 197.69, "block_stat": "Production", "block_vali": "Y", "contract_1": "Merger", "contract_2": "Vista Oil & Gas Argentina SA", "contract_3": 197.69, "contract_4": 197.69, "contract_5": 0.0, "contract_a": null, "contract_b": "Bajada del Palo Este", "contract_d": 0.0, "contract_g": "VISTA OG AR", "contract_n": "Bajada del Palo Este", "contract_o": "VISTA AR", "contract_s": "Production", "contract_t": "Exploitation Concess", "country_id": 1130.0, "country_na": "Argentina", "data_owner": "IHS Energy", "datum_name": "W.G.S. 84", "datum_shif": "Original WGS84 Coord", "datum_tran": 0.0, "deep_water": 0.0, "end_date_t": null, "epc_id": 100000100429.0, "exp_expi_1": null, "exp_expiry": null, "expiry_d_1": null, "expiry_dat": 0, "expiry_sch": null, "farm_in_to": 0.0, "ga_id": 100000414738.0, "general_cl": "Contract", "general_co": "License/Lease", "group_name": "VISTA OG AR", "licensing_": null, "main_fss_z": null, "main_polit": "Neuquen", "max_water1": 0.0, "max_water_": 0.0, "median_w_1": 0.0, "median_wat": 0.0, "min_water1": 0.0, "min_water_": 0.0, "ons_offs_1": "ONS", "ons_offsho": "Onshore", "onshore_sq": 197.69, "operator_a": "VISTA AR", "operator_n": "Vista Oil & Gas Argentina SA", "par_id": 100000194825.0, "pct_of_ori": 100.0, "previous_b": "Bajada del Palo (CNQ-11 M)", "prod_expir": "22 November 2053", "reduction_": null, "region_id": 100000002827.0, "region_nam": "Latin America", "renewal_sc": null, "resource_t": "Unconventional", "rights_a_1": 0.0, "rights_abo": 0.0, "rights_b_1": 0.0, "rights_bel": 0.0, "rights_typ": "Dev/Production", "shelf_sqkm": 0.0, "stage_numb": 2, "start_date": "01 January 2019", "terrains": "Land", "unc_type1": "Shale Oil & Gas", "unc_type2": null}, "geometry": {"type": "Polygon", "coordinates": [[[-7621675.397299999, -4597369.0603], [-7617478.6525, -4597345.569400001], [-7617497.910800001, -4594127.6774], [-7608360.0276999995, -4594066.8466], [-7598159.1548999995, -4606329.646899998], [-7597636.2872, -4606954.8407999985], [-7597019.354599999, -4607701.4690000005], [-7598132.7722, -4608685.157200001], [-7600805.107899999, -4611006.9146], [-7621595.5812, -4611149.6063], [-7621675.397299999, -4597369.0603]]]}}, {"id": "8", "type": "Feature", "properties": {"OBJECTID": 133, "SHAPE_Area": 392757940.121, "SHAPE_Leng": 96013.963583, "applicat_1": null, "applicatio": 0, "award_da_1": "14 November 1992", "award_date": 1992, "award_type": "Cp Direct Negot", "basin_name": "Northeast Platform (Neuquen Basin)", "block_alte": null, "block_even": null, "block_name": "Narambuena", "block_rest": "No", "block_sqkm": 247.37, "block_stat": "Production", "block_vali": "Y", "contract_1": "Area Change~Farm-out~Prod Block Granted", "contract_2": "YPF SA", "contract_3": 805.41, "contract_4": 805.41, "contract_5": 0.0, "contract_a": null, "contract_b": "Chihuido de la Sierra Negra~Narambuena", "contract_d": 0.0, "contract_g": "YPF", "contract_n": "Chihuido de la Sierra Negra", "contract_o": "YPF", "contract_s": "Production", "contract_t": "Exploitation Concess", "country_id": 1130.0, "country_na": "Argentina", "data_owner": "IHS Energy", "datum_name": "W.G.S. 84", "datum_shif": "Original WGS84 Coord", "datum_tran": 0.0, "deep_water": 0.0, "end_date_t": null, "epc_id": 100000016174.0, "exp_expi_1": null, "exp_expiry": null, "expiry_d_1": null, "expiry_dat": 0, "expiry_sch": "14 November 2027", "farm_in_to": 0.0, "ga_id": 100000471299.0, "general_cl": "Contract", "general_co": "License/Lease", "group_name": "YPF 61", "licensing_": null, "main_fss_z": null, "main_polit": "Neuquen", "max_water1": 0.0, "max_water_": 0.0, "median_w_1": 0.0, "median_wat": 0.0, "min_water1": 0.0, "min_water_": 0.0, "ons_offs_1": "ONS", "ons_offsho": "Onshore", "onshore_sq": 247.37, "operator_a": "YPF", "operator_n": "YPF SA", "par_id": 100000152979.0, "pct_of_ori": 99.6500015259, "previous_b": "Narambuena", "prod_expir": null, "reduction_": null, "region_id": 100000002827.0, "region_nam": "Latin America", "renewal_sc": "14 November 2017", "resource_t": "Unconventional", "rights_a_1": 0.0, "rights_abo": 0.0, "rights_b_1": 0.0, "rights_bel": 0.0, "rights_typ": "Dev/Production", "shelf_sqkm": 0.0, "stage_numb": 20, "start_date": "30 April 2014", "terrains": "Land", "unc_type1": "Shale Oil", "unc_type2": null}, "geometry": {"type": "Polygon", "coordinates": [[[-7699819.008199999, -4488765.623100001], [-7698245.3959, -4488768.003800001], [-7694476.0066, -4488773.465599999], [-7684069.1927000005, -4488982.554200001], [-7684069.1927000005, -4489055.939199999], [-7684080.881200001, -4489139.128199998], [-7684107.3752, -4489234.502300002], [-7684122.514699999, -4489285.480900001], [-7684128.303300001, -4489305.2282], [-7684156.133199999, -4489399.063200001], [-7684177.840500001, -4489502.422699999], [-7684187.859200001, -4489561.665899999], [-7684198.5459, -4489616.9877], [-7684197.432700001, -4489668.388300002], [-7684196.4308, -4489742.338399999], [-7684183.183800001, -4489810.9668000005], [-7684142.8862, -4489895.702500001], [-7684122.1807, -4489930.997499999], [-7684033.236500001, -4490025.6785], [-7683943.7356, -4490076.941], [-7683890.1909, -4490092.3478999995], [-7683815.4955, -4490108.3149], [-7683720.6513, -4490134.366599999], [-7683693.8233, -4490139.9690999985], [-7683607.773399999, -4490158.317299999], [-7683559.126800001, -4490163.639699999], [-7683479.6446, -4490176.2454], [-7683433.224400001, -4490188.4309], [-7683377.342, -4490202.997499999], [-7683214.3703000005, -4490284.6548999995], [-7683155.9276, -4490301.3226], [-7683144.4617, -4490304.6842], [-7683072.215299999, -4490314.9089], [-7683049.951400001, -4490291.6581000015], [-7683025.5724, -4490267.567000002], [-7682994.848300001, -4490236.332699999], [-7682965.7939, -4490210.2808], [-7682934.5131, -4490193.613299999], [-7682900.5605999995, -4490189.551399998], [-7682877.2949, -4490192.2126], [-7682861.3762, -4490204.258099999], [-7682843.1197999995, -4490227.9289], [-7682804.269300001, -4490378.638700001], [-7682788.4618999995, -4490510.581700001], [-7682739.147399999, -4490608.629500002], [-7682596.7698, -4490675.8629], [-7682573.17, -4490688.188999999], [-7682532.427100001, -4490702.195999999], [-7682443.3715, -4490740.155200001], [-7682378.8061999995, -4490778.114399999], [-7682306.2259, -4490808.229800001], [-7682238.877599999, -4490826.159000002], [-7682153.161599999, -4490824.8983], [-7682079.4681, -4490811.591499999], [-7681979.2805, -4490785.538199998], [-7681907.2568, -4490764.807599999], [-7681860.1687, -4490758.224300001], [-7681827.774700001, -4490758.784600001], [-7681795.4921, -4490768.169300001], [-7681792.1525, -4490770.6906], [-7681738.830399999, -4490810.891100001], [-7681692.1876, -4490842.1272], [-7681640.3127, -4490876.8651], [-7681605.3584, -4490904.879700001], [-7681575.6361, -4490936.816300001], [-7681530.5517, -4490984.161200002], [-7681482.795600001, -4491051.677099999], [-7681403.3135, -4491148.189199999], [-7681378.7118999995, -4491185.169399999], [-7681329.842599999, -4491231.114599999], [-7681284.2016, -4491253.667100001], [-7681204.0516, -4491281.542599998], [-7681123.2337, -4491279.861699998], [-7681098.631999999, -4491273.5581], [-7681016.2556, -4491254.9278], [-7680976.2919, -4491241.6204], [-7680932.4321, -4491224.2509], [-7680866.642200001, -4491187.550700001], [-7680862.968699999, -4491185.0293000005], [-7680807.420299999, -4491147.4888], [-7680755.545399999, -4491131.380100001], [-7680689.644200001, -4491121.995000001], [-7680644.4485, -4491120.0339], [-7680618.7337, -4491118.353], [-7680595.9132, -4491116.6721], [-7680552.053400001, -4491107.987399999], [-7680528.6763, -4491100.983600002], [-7680489.491800001, -4491089.3574], [-7680409.6757, -4491053.918299999], [-7680358.468800001, -4491022.401500002], [-7680351.232999999, -4491017.779100001], [-7680321.956, -4491001.110199999], [-7680288.0035, -4490981.780000001], [-7680249.487, -4490973.095400002], [-7680172.342599999, -4490963.0101], [-7680150.5239, -4490961.3292], [-7680131.043, -4490959.788400002], [-7680063.917400001, -4490961.0491], [-7680013.3783, -4490977.717799999], [-7679968.182600001, -4490999.1492], [-7679935.566, -4491025.763300002], [-7679904.953199999, -4491057.840399999], [-7679880.351500001, -4491095.240499999], [-7679855.7499, -4491138.664000001], [-7679834.4879, -4491178.725900002], [-7679819.459799999, -4491208.4221], [-7679812.446699999, -4491222.149700001], [-7679747.992699999, -4491321.605], [-7679711.3686, -4491394.165899999], [-7679698.1215, -4491420.5009], [-7679696.340399999, -4491424.423099998], [-7679690.7743999995, -4491436.469999999], [-7679661.497400001, -4491500.626800001], [-7679627.545, -4491559.460999999], [-7679621.1998, -4491569.967099998], [-7679603.388599999, -4491599.664500002], [-7679557.079700001, -4491677.130199999], [-7679506.5407, -4491741.2886000015], [-7679443.3112, -4491816.093699999], [-7679384.757200001, -4491857.418900002], [-7679323.531400001, -4491896.2227], [-7679242.3795, -4491935.587000001], [-7679186.497199999, -4491954.218600001], [-7679146.6448, -4491961.643199999], [-7679137.627900001, -4491962.343600001], [-7679084.417199999, -4491997.785700001], [-7678772.2773, -4492034.488699999], [-7678628.452500001, -4492055.081700001], [-7678498.876700001, -4492108.455400001], [-7678438.5415, -4492100.470400002], [-7678352.4915, -4492079.317000002], [-7678263.658600001, -4491967.106600001], [-7678053.8213, -4491740.868299998], [-7678021.0934, -4491708.508900002], [-7677883.5024999995, -4491398.7885], [-7677819.939099999, -4491283.783799998], [-7677691.031099999, -4491222.850099999], [-7677661.086200001, -4491208.702300001], [-7676955.4319, -4491222.289799999], [-7676894.2062, -4491220.1886], [-7676875.170600001, -4491217.9474], [-7676830.9767, -4491212.904599998], [-7676813.8335, -4491210.803399999], [-7676811.4958, -4491210.5233], [-7676746.707900001, -4491200.857999999], [-7676652.1976, -4491200.7179000005], [-7676579.060699999, -4491207.441599999], [-7676539.764900001, -4491227.472600002], [-7676503.140799999, -4491254.787700001], [-7676416.089, -4491307.597100001], [-7676370.114, -4491337.573899999], [-7676330.261700001, -4491356.9048000015], [-7676276.605699999, -4491374.274599999], [-7676207.921499999, -4491380.998399999], [-7676134.6733, -4491386.181400001], [-7676104.8397, -4491382.9595], [-7676074.8947, -4491381.2786], [-7676027.584000001, -4491381.2786], [-7675948.9924, -4491373.013900001], [-7675851.3652, -4491359.426199999], [-7675720.008199999, -4491353.5429], [-7675628.5035999995, -4491341.9164], [-7675554.587400001, -4491341.776299998], [-7675502.1559999995, -4491339.254900001], [-7675441.7095, -4491337.2938], [-7675422.451199999, -4491336.7335], [-7675368.3499, -4491332.531100001], [-7675322.5976, -4491323.2859000005], [-7675242.7816, -4491299.052299999], [-7675197.1406, -4491285.744899999], [-7675156.509, -4491275.3792], [-7675102.6303, -4491190.4923], [-7675042.2952, -4491120.5942], [-7674965.93, -4491094.540199999], [-7674886.447899999, -4491070.587299999], [-7674813.4223, -4491072.548300002], [-7674723.8101, -4491064.984299999], [-7674699.319800001, -4491062.462900002], [-7674653.567500001, -4491066.665199999], [-7674578.2042, -4491074.509399999], [-7674524.1029, -4491094.540199999], [-7674460.5395, -4491136.562899999], [-7674439.9454, -4491246.523200002], [-7674543.2499, -4491402.570700001], [-7674554.270500001, -4491482.556400001], [-7674570.0779, -4491519.1175], [-7674579.2061, -4491540.409899998], [-7674525.550100001, -4491656.2579], [-7674478.0167, -4491696.601799998], [-7674350.1106, -4491777.290199999], [-7674327.290100001, -4491800.2641], [-7674271.518999999, -4491838.647500001], [-7674215.7479, -4491872.828400001], [-7674141.831800001, -4491911.212000001], [-7674046.096999999, -4491934.4662999995], [-7673978.7487, -4491944.5526], [-7673912.290999999, -4491953.6581999995], [-7673864.9802, -4491954.3587], [-7673823.569399999, -4491954.919], [-7673799.190400001, -4491955.199200001], [-7673775.702, -4491951.276700001], [-7673610.281199999, -4491898.604200002], [-7673551.2819, -4491859.520199999], [-7673519.667199999, -4491838.507399999], [-7673478.145, -4491831.5031], [-7673429.1644, -4491866.6646], [-7673334.5428, -4491958.9815], [-7673236.804300001, -4492024.5425], [-7673122.367900001, -4492106.494199999], [-7673041.6613, -4492189.8475], [-7672816.0167, -4492178.219999999], [-7672682.2106, -4492171.355599999], [-7672535.936799999, -4492172.476300001], [-7672392.446, -4492126.9472], [-7672383.429099999, -4492122.324200001], [-7672288.0283, -4492072.452599999], [-7672211.774499999, -4492054.521299999], [-7672142.7564, -4492066.428800002], [-7672071.845899999, -4492078.476399999], [-7671951.064200001, -4492104.532900002], [-7671833.5108, -4492108.455400001], [-7671768.388900001, -4492068.530099999], [-7671685.6785, -4491996.524900001], [-7671539.516100001, -4491960.522500001], [-7671236.838400001, -4492050.318700001], [-7671072.196799999, -4492096.9681], [-7670891.636600001, -4492117.5612], [-7670690.370999999, -4492045.135400001], [-7670600.7588, -4492079.317000002], [-7670538.4199, -4492154.124499999], [-7670462.165999999, -4492171.915899999], [-7670399.3818, -4492145.859299999], [-7670278.7115, -4492138.854800001], [-7670133.6622, -4492170.094799999], [-7670041.1557, -4492213.382599998], [-7669856.4767, -4492359.217700001], [-7669767.4211, -4492334.421399999], [-7669563.929099999, -4492293.0944], [-7669513.056, -4492282.727600001], [-7669509.1599, -4492279.085200001], [-7669427.896600001, -4492257.0909], [-7669334.1656, -4492198.392999999], [-7669288.636, -4492197.132100001], [-7669226.408399999, -4492218.005600002], [-7669133.3453, -4492262.9747], [-7669072.676100001, -4492316.489700001], [-7669037.7217999995, -4492361.599300001], [-7668993.194, -4492390.4584], [-7668935.5305, -4492413.5737], [-7668857.0503, -4492431.505600002], [-7668725.248, -4492441.312199999], [-7668588.659, -4492431.0854], [-7668448.396400001, -4492457.002599999], [-7668327.169500001, -4492497.489799999], [-7668295.220799999, -4492479.277600002], [-7668269.283399999, -4492482.3596], [-7668207.612400001, -4492486.562399998], [-7668200.0427, -4492565.435699999], [-7668185.459799999, -4492629.739500001], [-7668137.5923999995, -4492744.058499999], [-7668113.5474, -4492819.291099999], [-7668109.4286, -4492840.866300002], [-7668089.0571, -4492949.443399999], [-7668035.1785, -4493045.832800001], [-7667962.820800001, -4493082.119100001], [-7667916.845899999, -4493090.104899999], [-7667888.2368, -4493109.0187], [-7667875.4350000005, -4493117.565000001], [-7667639.2151, -4493336.967700001], [-7667432.7173999995, -4493467.686900001], [-7667275.6456, -4493688.638099998], [-7667271.304099999, -4493708.673900001], [-7667264.625, -4493738.937800001], [-7667213.863299999, -4493829.0293999985], [-7667193.937100001, -4493875.686700001], [-7667153.9734000005, -4493960.875500001], [-7667100.6514, -4494032.614], [-7667057.348099999, -4494080.113000002], [-7666993.2281, -4494134.337699998], [-7666945.026699999, -4494159.2784], [-7666884.246300001, -4494175.952300001], [-7666831.8148, -4494173.570300002], [-7666790.2926, -4494171.6087], [-7666728.510299999, -4494154.5145], [-7666683.871200001, -4494142.1842], [-7666576.670499999, -4494122.0075], [-7666495.184699999, -4494120.326099999], [-7666416.1478, -4494140.222600002], [-7666343.790100001, -4494183.518599998], [-7666287.1285, -4494228.496100001], [-7666257.183599999, -4494264.3662], [-7666252.730799999, -4494278.2379], [-7666236.2555, -4494329.521200001], [-7666236.2555, -4494366.232299998], [-7666237.813999999, -4494401.262200002], [-7666250.2818, -4494514.199099999], [-7666311.841399999, -4494612.844900001], [-7666343.567500001, -4494623.494199999], [-7666405.015900001, -4494674.218600001], [-7666486.3904, -4494713.032900002], [-7666503.533600001, -4494732.369899999], [-7666526.688100001, -4494765.0189], [-7666539.044500001, -4494795.7062], [-7666551.5123, -4494826.813999999], [-7666551.5123, -4494860.163800001], [-7666548.952, -4494904.443599999], [-7666534.8144000005, -4494944.5198], [-7666502.3091, -4495001.271400001], [-7666435.628699999, -4495053.8193], [-7666402.3442, -4495080.443700001], [-7666353.2523, -4495108.889899999], [-7666280.0041000005, -4495151.349100001], [-7666231.1348, -4495164.8015], [-7666139.2962, -4495180.776299998], [-7666070.2782000005, -4495183.298700001], [-7666065.8254, -4498316.512800001], [-7665870.7936, -4498315.3915], [-7665861.554099999, -4499690.427000001], [-7674669.8201, -4499699.6796], [-7674667.2598, -4502859.484499998], [-7683900.9889, -4502864.532900002], [-7692029.3155000005, -4502858.502900001], [-7699842.607899999, -4502847.144099999], [-7699819.008199999, -4489588.976599999], [-7699819.008199999, -4488765.623100001]]]}}, {"id": "9", "type": "Feature", "properties": {"OBJECTID": 160, "SHAPE_Area": 265692824.335, "SHAPE_Leng": 81064.317928, "applicat_1": null, "applicatio": 0, "award_da_1": "14 January 2011", "award_date": 2011, "award_type": "Gvt Direct Negot", "basin_name": "Chihuidos High (Neuquen Basin)", "block_alte": null, "block_even": null, "block_name": "Aguada de Castro", "block_rest": "No", "block_sqkm": 163.54, "block_stat": "Development", "block_vali": "Y", "contract_1": "Company Name Change", "contract_2": "Pan American Energy Group", "contract_3": 163.54, "contract_4": 163.54, "contract_5": 0.0, "contract_a": null, "contract_b": "Aguada de Castro", "contract_d": 0.0, "contract_g": "PAN AM 26", "contract_n": "Aguada de Castro", "contract_o": "PAEG", "contract_s": "Development", "contract_t": "Concession", "country_id": 1130.0, "country_na": "Argentina", "data_owner": "IHS Energy", "datum_name": "W.G.S. 84", "datum_shif": "Original WGS84 Coord", "datum_tran": 0.0, "deep_water": 0.0, "end_date_t": null, "epc_id": 100000061363.0, "exp_expi_1": null, "exp_expiry": null, "expiry_d_1": null, "expiry_dat": 0, "expiry_sch": "19 July 2052", "farm_in_to": 0.0, "ga_id": 100000329986.0, "general_cl": "Contract", "general_co": "License/Lease", "group_name": "PAN AM 26", "licensing_": null, "main_fss_z": null, "main_polit": "Neuquen", "max_water1": 0.0, "max_water_": 0.0, "median_w_1": 0.0, "median_wat": 0.0, "min_water1": 0.0, "min_water_": 0.0, "ons_offs_1": "ONS", "ons_offsho": "Onshore", "onshore_sq": 163.54, "operator_a": "PAEG", "operator_n": "Pan American Energy Group", "par_id": 100000222200.0, "pct_of_ori": 60.2400016785, "previous_b": "Aguada de Castro", "prod_expir": null, "reduction_": null, "region_id": 100000002827.0, "region_nam": "Latin America", "renewal_sc": null, "resource_t": "Unconventional", "rights_a_1": 0.0, "rights_abo": 0.0, "rights_b_1": 0.0, "rights_bel": 0.0, "rights_typ": "Surf Expl/Drilling", "shelf_sqkm": 0.0, "stage_numb": 16, "start_date": "28 May 2021", "terrains": "Land", "unc_type1": "Shale Gas", "unc_type2": null}, "geometry": {"type": "Polygon", "coordinates": [[[-7751431.9561, -4626828.8246], [-7751399.4508, -4622061.3847], [-7747797.1521000005, -4622085.499400001], [-7747782.5693, -4619824.7793000005], [-7748742.8112, -4619818.5392], [-7748714.647399999, -4615507.968899999], [-7750605.074899999, -4615495.3522000015], [-7750537.8379999995, -4605468.261300001], [-7742146.7974, -4605530.858800001], [-7738131.169399999, -4605609.460200001], [-7738256.0699000005, -4628354.259], [-7739706.1175999995, -4628346.0265999995], [-7739709.2345, -4628895.908], [-7741046.404200001, -4628888.101], [-7741050.3004, -4629556.9684999995], [-7742135.2202, -4629550.4386], [-7742138.337099999, -4630063.332400002], [-7743359.845899999, -4630056.0923000015], [-7743340.253699999, -4626881.333900001], [-7751431.9561, -4626828.8246]]]}}, {"id": "10", "type": "Feature", "properties": {"OBJECTID": 168, "SHAPE_Area": 322088025.964, "SHAPE_Leng": 88574.7086324, "applicat_1": null, "applicatio": 0, "award_da_1": "25 July 2019", "award_date": 2019, "award_type": "Gvt Direct Negot", "basin_name": "Chihuidos High (Neuquen Basin)", "block_alte": null, "block_even": null, "block_name": "Los Toldos/Block I Norte", "block_rest": "No", "block_sqkm": 201.68, "block_stat": "Production", "block_vali": "Y", "contract_1": "Official Award", "contract_2": "Tecpetrol SA", "contract_3": 201.68, "contract_4": 201.68, "contract_5": 0.0, "contract_a": null, "contract_b": "Los Toldos I Norte~Los Toldos/Block I Norte", "contract_d": 0.0, "contract_g": "TECPETROL 23", "contract_n": "Los Toldos I Norte", "contract_o": "TECPETROL", "contract_s": "Production", "contract_t": "Exploitation Concess", "country_id": 1130.0, "country_na": "Argentina", "data_owner": "IHS Energy", "datum_name": "W.G.S. 84", "datum_shif": "Original WGS84 Coord", "datum_tran": 0.0, "deep_water": 0.0, "end_date_t": null, "epc_id": 100000100807.0, "exp_expi_1": null, "exp_expiry": null, "expiry_d_1": null, "expiry_dat": 0, "expiry_sch": null, "farm_in_to": 0.0, "ga_id": 100000430799.0, "general_cl": "Contract", "general_co": "License/Lease", "group_name": "TECPETROL 23", "licensing_": null, "main_fss_z": null, "main_polit": "Neuquen", "max_water1": 0.0, "max_water_": 0.0, "median_w_1": 0.0, "median_wat": 0.0, "min_water1": 0.0, "min_water_": 0.0, "ons_offs_1": "ONS", "ons_offsho": "Onshore", "onshore_sq": 201.68, "operator_a": "TECPETROL", "operator_n": "Tecpetrol SA", "par_id": 100000195936.0, "pct_of_ori": 100.0, "previous_b": "Los Toldos/Block I Norte", "prod_expir": "25 July 2054", "reduction_": null, "region_id": 100000002827.0, "region_nam": "Latin America", "renewal_sc": null, "resource_t": "Unconventional", "rights_a_1": 0.0, "rights_abo": 0.0, "rights_b_1": 0.0, "rights_bel": 0.0, "rights_typ": "Dev/Production", "shelf_sqkm": 0.0, "stage_numb": 1, "start_date": "25 July 2019", "terrains": "Land", "unc_type1": "Shale Oil & Gas", "unc_type2": null}, "geometry": {"type": "Polygon", "coordinates": [[[-7739677.5085, -4515445.618700001], [-7739668.0463, -4513744.9377], [-7732421.0361, -4513783.120700002], [-7732423.039899999, -4514202.4406], [-7726733.612, -4514228.832899999], [-7726770.236099999, -4522637.188700002], [-7726778.0285, -4524446.252900001], [-7723409.500700001, -4524460.586199999], [-7723426.5326000005, -4528685.958999999], [-7720269.4004999995, -4528698.329999998], [-7720288.992699999, -4533933.124600001], [-7726490.2676, -4533906.260499999], [-7726530.0087, -4538676.489100002], [-7737776.839500001, -4538526.067200001], [-7737652.0503, -4515456.8508], [-7739677.5085, -4515445.618700001]]]}}, {"id": "11", "type": "Feature", "properties": {"OBJECTID": 172, "SHAPE_Area": 65218369.4222, "SHAPE_Leng": 43359.5058313, "applicat_1": null, "applicatio": 0, "award_da_1": "01 January 2009", "award_date": 2009, "award_type": "Gvt Direct Negot", "basin_name": "Chihuidos High (Neuquen Basin)", "block_alte": null, "block_even": null, "block_name": "Pampa Las Yeguas II - 2", "block_rest": "No", "block_sqkm": 40.42, "block_stat": "Surf Expl/Drilling", "block_vali": "Y", "contract_1": "Company Name Change", "contract_2": "Total Austral SA", "contract_3": 64.8, "contract_4": 64.8, "contract_5": 0.0, "contract_a": null, "contract_b": "Pampa Las Yeguas II~Pampa Las Yeguas II - 2", "contract_d": 0.0, "contract_g": "TOTAL 16", "contract_n": "Pampa Las Yeguas II", "contract_o": "TOTAL", "contract_s": "Surf Expl/Drilling", "contract_t": "Exploration Permit", "country_id": 1130.0, "country_na": "Argentina", "data_owner": "IHS Energy", "datum_name": "W.G.S. 84", "datum_shif": "Original WGS84 Coord", "datum_tran": 0.0, "deep_water": 0.0, "end_date_t": null, "epc_id": 100000056819.0, "exp_expi_1": "17 October 2020", "exp_expiry": "Accurate", "expiry_d_1": null, "expiry_dat": 0, "expiry_sch": null, "farm_in_to": 0.0, "ga_id": 100000498482.0, "general_cl": "Contract", "general_co": "License/Lease", "group_name": "TOTAL 16", "licensing_": null, "main_fss_z": null, "main_polit": "Neuquen", "max_water1": 0.0, "max_water_": 0.0, "median_w_1": 0.0, "median_wat": 0.0, "min_water1": 0.0, "min_water_": 0.0, "ons_offs_1": "ONS", "ons_offsho": "Onshore", "onshore_sq": 40.42, "operator_a": "TOTAL", "operator_n": "Total Austral SA", "par_id": 100000221751.0, "pct_of_ori": 36.9399986267, "previous_b": null, "prod_expir": null, "reduction_": null, "region_id": 100000002827.0, "region_nam": "Latin America", "renewal_sc": null, "resource_t": "Unconventional", "rights_a_1": 0.0, "rights_abo": 0.0, "rights_b_1": 0.0, "rights_bel": 0.0, "rights_typ": "Surf Expl/Drilling", "shelf_sqkm": 0.0, "stage_numb": 12, "start_date": "28 May 2021", "terrains": "Land", "unc_type1": "Shale Gas", "unc_type2": null}, "geometry": {"type": "Polygon", "coordinates": [[[-7702695.281199999, -4575167.9278], [-7702690.160499999, -4572683.239500001], [-7701610.6954, -4572685.498300001], [-7701610.6954, -4572967.5691], [-7700581.324100001, -4572969.8279], [-7700582.993799999, -4573859.008200001], [-7699748.0977, -4573860.561299998], [-7699748.9882, -4574518.812899999], [-7698728.1885, -4574520.366099998], [-7698728.967700001, -4575165.668400001], [-7697461.818, -4575167.9278], [-7697463.4878, -4576056.1669000015], [-7696196.3379999995, -4576058.2852], [-7696196.3379999995, -4576611.6021], [-7694929.188200001, -4576613.7205], [-7694930.0788, -4577158.875399999], [-7693654.023499999, -4577131.3345], [-7693631.536900001, -4585301.3387], [-7699971.515900001, -4585291.7271], [-7699967.285700001, -4582745.4003], [-7699952.814200001, -4575173.293699998], [-7702695.281199999, -4575167.9278]]]}}, {"id": "12", "type": "Feature", "properties": {"OBJECTID": 188, "SHAPE_Area": 174529600.832, "SHAPE_Leng": 56709.4122779, "applicat_1": null, "applicatio": 0, "award_da_1": "01 February 2019", "award_date": 2019, "award_type": "Gvt Direct Negot", "basin_name": "Northeast Platform (Neuquen Basin)~Malargue - Agrio Fold Belt (Neuquen Basin)", "block_alte": null, "block_even": null, "block_name": "Corralera Noroeste", "block_rest": "No", "block_sqkm": 122.44, "block_stat": "Surf Expl/Drilling", "block_vali": "Y", "contract_1": "Official Award", "contract_2": "Phoenix Global Resources Plc", "contract_3": 122.44, "contract_4": 122.44, "contract_5": 0.0, "contract_a": null, "contract_b": "Corralera Noroeste", "contract_d": 0.0, "contract_g": "PHOENIX GL 1", "contract_n": "Corralera Noroeste", "contract_o": "PHOENIX GL", "contract_s": "Surf Expl/Drilling", "contract_t": "Exploration Permit", "country_id": 1130.0, "country_na": "Argentina", "data_owner": "IHS Energy", "datum_name": "W.G.S. 84", "datum_shif": "Original WGS84 Coord", "datum_tran": 0.0, "deep_water": 0.0, "end_date_t": null, "epc_id": 100000100457.0, "exp_expi_1": null, "exp_expiry": null, "expiry_d_1": null, "expiry_dat": 0, "expiry_sch": null, "farm_in_to": 0.0, "ga_id": 100000414875.0, "general_cl": "Contract", "general_co": "License/Lease", "group_name": "PHOENIX GL 1", "licensing_": null, "main_fss_z": null, "main_polit": "Neuquen", "max_water1": 0.0, "max_water_": 0.0, "median_w_1": 0.0, "median_wat": 0.0, "min_water1": 0.0, "min_water_": 0.0, "ons_offs_1": "ONS", "ons_offsho": "Onshore", "onshore_sq": 122.44, "operator_a": "PHOENIX GL", "operator_n": "Phoenix Global Resources Plc", "par_id": 100000193564.0, "pct_of_ori": 100.0, "previous_b": "Corralera", "prod_expir": null, "reduction_": null, "region_id": 100000002827.0, "region_nam": "Latin America", "renewal_sc": null, "resource_t": "Unconventional", "rights_a_1": 0.0, "rights_abo": 0.0, "rights_b_1": 0.0, "rights_bel": 0.0, "rights_typ": "Explorat/Production", "shelf_sqkm": 0.0, "stage_numb": 1, "start_date": "01 February 2019", "terrains": "Land", "unc_type1": "Shale Oil & Gas", "unc_type2": null}, "geometry": {"type": "Polygon", "coordinates": [[[-7749972.6689, -4475095.247699998], [-7750115.491800001, -4466118.0715], [-7750078.645099999, -4460453.6873], [-7745176.245999999, -4461865.412599999], [-7745142.4048999995, -4461881.3368999995], [-7745093.647, -4461889.2991], [-7745044.889, -4461897.261300001], [-7744977.0955, -4461913.185699999], [-7744913.532, -4461921.287700001], [-7744864.7741, -4461923.802000001], [-7744801.2107, -4461942.520300001], [-7744758.797900001, -4461947.828400001], [-7744682.5441, -4461961.0988], [-7744638.0163, -4461969.061099999], [-7744578.683, -4461969.061099999], [-7744519.3497, -4461969.061099999], [-7744453.6712, -4461961.0988], [-7744411.2585, -4461958.444699999], [-7744349.8101, -4461958.444699999], [-7744288.3618, -4461958.444699999], [-7744231.1435, -4461963.752900001], [-7744148.544500001, -4461977.0233], [-7744078.524499999, -4461990.2938], [-7744012.846000001, -4461998.3957], [-7743959.9693, -4462009.0121], [-7743906.9812, -4462016.974399999], [-7743845.5328, -4462030.244899999], [-7743777.627900001, -4462043.5154], [-7743690.798699999, -4462059.440000001], [-7743646.2709, -4462059.440000001], [-7743593.2829, -4462059.440000001], [-7743548.8664, -4462054.1318], [-7743502.2235, -4462040.861299999], [-7743451.350500001, -4462019.6285], [-7743419.5131, -4461995.602000002], [-7743385.672, -4461977.0233], [-7743362.406199999, -4461955.7907], [-7743355.0592, -4461942.520300001], [-7743344.0385, -4461922.684500001], [-7743311.5331999995, -4461881.3368999995], [-7743296.6164, -4461846.8341999985], [-7743275.4657000005, -4461812.191799998], [-7743243.6283, -4461772.241599999], [-7743211.9023, -4461727.123], [-7743167.374500001, -4461695.274799999], [-7743133.533399999, -4461673.903000001], [-7743097.4658, -4461652.670899998], [-7743050.823000001, -4461639.400899999], [-7743008.4103, -4461639.400899999], [-7742953.418400001, -4461642.054900002], [-7742891.8588, -4461652.670899998], [-7742836.866900001, -4461652.670899998], [-7742792.3390999995, -4461652.670899998], [-7742730.890799999, -4461650.016899999], [-7742683.913899999, -4461648.201000001], [-7742663.097200001, -4461647.3629], [-7742616.454299999, -4461647.3629], [-7742578.2717, -4461657.978999998], [-7742569.5888, -4461662.448899999], [-7742531.7402, -4461681.864999998], [-7742491.442500001, -4461700.582800001], [-7742457.4901, -4461724.4690000005], [-7742427.8791000005, -4461761.625399999], [-7742411.0699000005, -4461795.569200002], [-7742409.0660999995, -4461799.620099999], [-7742400.2719, -4461817.499899998], [-7742372.776000001, -4461889.2991], [-7742353.629000001, -4461931.903999999], [-7742334.5934, -4461987.639699999], [-7742313.4427000005, -4462024.936700001], [-7742268.914899999, -4462080.812600002], [-7742235.073799999, -4462112.6620000005], [-7742175.740499999, -4462128.586800002], [-7742116.2959, -4462133.895], [-7742073.3265, -4462138.923900001], [-7742048.5023, -4462141.8574], [-7741984.9388999995, -4462136.5491], [-7741948.9827, -4462136.5491], [-7741908.6850000005, -4462136.5491], [-7741765.9734000005, -4462154.289900001], [-7741694.395, -4462180.970899999], [-7741640.0711, -4462237.406399999], [-7741607.7884, -4462289.511799999], [-7741588.6415, -4462312.142099999], [-7741542.1099, -4462365.2256000005], [-7741526.191199999, -4462401.127], [-7741456.0600000005, -4462491.6493999995], [-7741434.0187, -4462519.448800001], [-7741435.4659, -4462528.948199999], [-7741446.709100001, -4462604.663699999], [-7741453.054300001, -4462652.440200001], [-7741429.7886, -4462708.319499999], [-7741418.990599999, -4462728.1567], [-7741402.181299999, -4462758.8904], [-7741374.6854, -4462798.704799999], [-7741351.419600001, -4462825.387400001], [-7741315.3521, -4462865.202], [-7741264.4791, -4462891.745200001], [-7741219.951300001, -4462923.736699998], [-7741210.377800001, -4462927.368900001], [-7741171.193399999, -4462942.317000002], [-7741124.661800001, -4462952.934300002], [-7741078.686899999, -4462961.1767], [-7741020.8007, -4462971.514699999], [-7740948.777000001, -4462971.514699999], [-7740885.2136, -4462971.514699999], [-7740813.1899, -4462971.514699999], [-7740755.9717, -4462971.514699999], [-7740690.1819, -4462976.9629999995], [-7740630.959899999, -4463030.049899999], [-7740575.856699999, -4463064.6963], [-7740503.7217, -4463096.548700001], [-7740435.928099999, -4463139.158300001], [-7740391.4003, -4463171.010899998], [-7740344.868799999, -4463216.2753], [-7740279.190300001, -4463269.5031], [-7740234.6625, -4463311.9738], [-7740149.2805, -4463403.621599998], [-7740087.8321, -4463424.9969], [-7739996.6614, -4463448.886999998], [-7739928.867900001, -4463393.003899999], [-7739908.273800001, -4463322.591499999], [-7739882.7816, -4463273.414900001], [-7739836.6953, -4463224.517900001], [-7739783.4846, -4463209.569499999], [-7739698.547800001, -4463213.620900001], [-7739634.9844, -4463221.584100001], [-7739548.0439, -4463226.892900001], [-7739471.789999999, -4463208.312100001], [-7739412.456700001, -4463189.731400002], [-7739363.698799999, -4463171.010899998], [-7739312.8258, -4463165.702199999], [-7739311.823899999, -4463165.702199999], [-7739266.1829, -4463165.702199999], [-7739206.8496, -4463157.739], [-7739170.225500001, -4463170.172699999], [-7739117.1261, -4463188.054900002], [-7739020.3895, -4463196.437199999], [-7739011.8179, -4463196.297499999], [-7738805.876800001, -4463193.0843], [-7738747.6567, -4463151.871399999], [-7738687.321599999, -4463109.4014], [-7738677.0802, -4463104.511799999], [-7738628.433599999, -4463072.659400001], [-7738579.6756, -4463038.1526999995], [-7738528.8026, -4462990.234700002], [-7738488.505000001, -4462939.662700001], [-7738431.286800001, -4462854.584800001], [-7738386.8703000005, -4462801.359099999], [-7738355.0329, -4462761.5447], [-7738329.6521000005, -4462729.5537], [-7738322.305, -4462722.987799998], [-7738456.445, -4466314.1336], [-7736122.297900001, -4466326.151799999], [-7736089.0133, -4475204.201200001], [-7749972.6689, -4475095.247699998]]]}}, {"id": "13", "type": "Feature", "properties": {"OBJECTID": 199, "SHAPE_Area": 209439785.404, "SHAPE_Leng": 79454.451129, "applicat_1": null, "applicatio": 0, "award_da_1": "16 July 2015", "award_date": 2015, "award_type": "Cp Direct Negot", "basin_name": "Neuquen Embayment (Neuquen Basin)", "block_alte": null, "block_even": null, "block_name": "Bandurria Centro", "block_rest": "No", "block_sqkm": 130.0, "block_stat": "Development", "block_vali": "Y", "contract_1": "Co Status & Name Chg", "contract_2": "Pan American Energy Group", "contract_3": 130.0, "contract_4": 130.0, "contract_5": 0.0, "contract_a": null, "contract_b": "Bandurria Centro", "contract_d": 0.0, "contract_g": "PAEG", "contract_n": "Bandurria Centro", "contract_o": "PAEG", "contract_s": "Development", "contract_t": "Exploitation Concess", "country_id": 1130.0, "country_na": "Argentina", "data_owner": "IHS Energy", "datum_name": "W.G.S. 84", "datum_shif": "Original WGS84 Coord", "datum_tran": 0.0, "deep_water": 0.0, "end_date_t": null, "epc_id": 100000091964.0, "exp_expi_1": null, "exp_expiry": null, "expiry_d_1": null, "expiry_dat": 0, "expiry_sch": "16 July 2050", "farm_in_to": 0.0, "ga_id": 100000298853.0, "general_cl": "Contract", "general_co": "License/Lease", "group_name": "PAEG", "licensing_": null, "main_fss_z": null, "main_polit": "Neuquen", "max_water1": 0.0, "max_water_": 0.0, "median_w_1": 0.0, "median_wat": 0.0, "min_water1": 0.0, "min_water_": 0.0, "ons_offs_1": "ONS", "ons_offsho": "Onshore", "onshore_sq": 130.0, "operator_a": "PAEG", "operator_n": "Pan American Energy Group", "par_id": 100000209485.0, "pct_of_ori": 100.0, "previous_b": "Bandurria Centro", "prod_expir": null, "reduction_": null, "region_id": 100000002827.0, "region_nam": "Latin America", "renewal_sc": null, "resource_t": "Unconventional", "rights_a_1": 0.0, "rights_abo": 0.0, "rights_b_1": 0.0, "rights_bel": 0.0, "rights_typ": "Dev/Production", "shelf_sqkm": 0.0, "stage_numb": 3, "start_date": "01 January 2020", "terrains": "Land", "unc_type1": "Shale Oil & Gas", "unc_type2": null}, "geometry": {"type": "Polygon", "coordinates": [[[-7674525.550100001, -4593632.695099998], [-7670169.6184, -4593629.158599999], [-7670164.943, -4598044.517700002], [-7655562.8314, -4598137.355900001], [-7655546.2447999995, -4601844.204999998], [-7649355.1, -4610315.730799999], [-7659980.990700001, -4610342.935199998], [-7659988.894400001, -4606440.830600001], [-7671183.404999999, -4606457.6853], [-7671188.8597, -4602822.6625000015], [-7674519.761499999, -4602825.352699999], [-7674525.550100001, -4593632.695099998]]]}}, {"id": "14", "type": "Feature", "properties": {"OBJECTID": 206, "SHAPE_Area": 40261426.6684, "SHAPE_Leng": 36708.7177762, "applicat_1": null, "applicatio": 0, "award_da_1": "28 July 2016", "award_date": 2016, "award_type": "Cp Direct Negot", "basin_name": "Huincul Uplift (Neuquen Basin)", "block_alte": null, "block_even": null, "block_name": "Punta Senillosa", "block_rest": "No", "block_sqkm": 24.39, "block_stat": "Development", "block_vali": "Y", "contract_1": "Official Award", "contract_2": "Tecpetrol SA", "contract_3": 24.39, "contract_4": 24.39, "contract_5": 0.0, "contract_a": null, "contract_b": "Punta Senillosa", "contract_d": 0.0, "contract_g": "TECPETROL", "contract_n": "Punta Senillosa", "contract_o": "TECPETROL", "contract_s": "Development", "contract_t": "Exploitation Concess", "country_id": 1130.0, "country_na": "Argentina", "data_owner": "IHS Energy", "datum_name": "CAMPO INCHAUSPE", "datum_shif": "Area standard", "datum_tran": 1127.0, "deep_water": 0.0, "end_date_t": null, "epc_id": 100000095218.0, "exp_expi_1": null, "exp_expiry": null, "expiry_d_1": null, "expiry_dat": 0, "expiry_sch": "01 July 2051", "farm_in_to": 0.0, "ga_id": 100000336751.0, "general_cl": "Contract", "general_co": "License/Lease", "group_name": "TECPETROL", "licensing_": null, "main_fss_z": null, "main_polit": "Neuquen", "max_water1": 0.0, "max_water_": 0.0, "median_w_1": 0.0, "median_wat": 0.0, "min_water1": 0.0, "min_water_": 0.0, "ons_offs_1": "ONS", "ons_offsho": "Onshore", "onshore_sq": 24.39, "operator_a": "TECPETROL", "operator_n": "Tecpetrol SA", "par_id": 100000034213.0, "pct_of_ori": 100.0, "previous_b": "Agua del Cajon (CNQ-14 M)", "prod_expir": null, "reduction_": null, "region_id": 100000002827.0, "region_nam": "Latin America", "renewal_sc": null, "resource_t": "Unconventional", "rights_a_1": 0.0, "rights_abo": 0.0, "rights_b_1": 0.0, "rights_bel": 0.0, "rights_typ": "Dev/Production", "shelf_sqkm": 0.0, "stage_numb": 1, "start_date": "28 July 2016", "terrains": "Land", "unc_type1": "Tight Gas", "unc_type2": null}, "geometry": {"type": "Polygon", "coordinates": [[[-7644879.388599999, -4700991.270799998], [-7644879.388599999, -4699855.168499999], [-7637676.683599999, -4699855.311500002], [-7637676.683599999, -4700600.882100001], [-7633197.521199999, -4700600.882100001], [-7633197.521199999, -4702908.9815], [-7630639.9559, -4704684.766199999], [-7630639.9559, -4705519.359299999], [-7631593.852600001, -4705519.359299999], [-7632050.039899999, -4705466.158399999], [-7632229.820900001, -4705661.515799999], [-7633225.1284, -4705714.717700001], [-7634400.328299999, -4705537.0929999985], [-7636584.528000001, -4703477.187399998], [-7638160.589400001, -4703477.044399999], [-7639786.855799999, -4702398.709899999], [-7643648.974199999, -4702393.991900001], [-7643648.974199999, -4700991.270799998], [-7644879.388599999, -4700991.270799998]]]}}, {"id": "15", "type": "Feature", "properties": {"OBJECTID": 238, "SHAPE_Area": 271928706.956, "SHAPE_Leng": 86865.1566863, "applicat_1": null, "applicatio": 0, "award_da_1": "25 August 2015", "award_date": 2015, "award_type": "Cp Direct Negot", "basin_name": "Neuquen Embayment (Neuquen Basin)", "block_alte": null, "block_even": null, "block_name": "Sierras Blancas (Unconventional)", "block_rest": "No", "block_sqkm": 168.3, "block_stat": "Development", "block_vali": "Y", "contract_1": "Validity Extension", "contract_2": "O & G Developments Ltd SA", "contract_3": 168.3, "contract_4": 168.3, "contract_5": 0.0, "contract_a": null, "contract_b": "Sierras Blancas (Unconventional)", "contract_d": 0.0, "contract_g": "OG DEV 2", "contract_n": "Sierras Blancas (Unconventional)", "contract_o": "OG DEV", "contract_s": "Development", "contract_t": "Exploitation Concess", "country_id": 1130.0, "country_na": "Argentina", "data_owner": "IHS Energy", "datum_name": "W.G.S. 84", "datum_shif": "Original WGS84 Coord", "datum_tran": 0.0, "deep_water": 0.0, "end_date_t": null, "epc_id": 100000092863.0, "exp_expi_1": null, "exp_expiry": null, "expiry_d_1": null, "expiry_dat": 0, "expiry_sch": "25 August 2050", "farm_in_to": 0.0, "ga_id": 100000304788.0, "general_cl": "Contract", "general_co": "License/Lease", "group_name": "OG DEV 2", "licensing_": null, "main_fss_z": null, "main_polit": "Neuquen", "max_water1": 0.0, "max_water_": 0.0, "median_w_1": 0.0, "median_wat": 0.0, "min_water1": 0.0, "min_water_": 0.0, "ons_offs_1": "ONS", "ons_offsho": "Onshore", "onshore_sq": 168.3, "operator_a": "OG DEV", "operator_n": "O & G Developments Ltd SA", "par_id": 100000177828.0, "pct_of_ori": 100.0, "previous_b": "Sierras Blancas (CNQ-17)", "prod_expir": null, "reduction_": null, "region_id": 100000002827.0, "region_nam": "Latin America", "renewal_sc": null, "resource_t": "Unconventional", "rights_a_1": 0.0, "rights_abo": 0.0, "rights_b_1": 0.0, "rights_bel": 0.0, "rights_typ": "Dev/Production", "shelf_sqkm": 0.0, "stage_numb": 3, "start_date": "27 December 2018", "terrains": "Land", "unc_type1": "Shale Oil & Gas", "unc_type2": "Tight Oil & Gas"}, "geometry": {"type": "Polygon", "coordinates": [[[-7626058.824899999, -4655120.6954], [-7626125.393999999, -4642622.668200001], [-7625808.2447, -4642621.531199999], [-7612826.7223000005, -4642573.7738999985], [-7612702.489800001, -4664650.843199998], [-7607437.634400001, -4664614.0934000015], [-7607429.1742, -4669362.8882], [-7613449.7775, -4669408.348000001], [-7617163.729699999, -4665903.263300002], [-7617209.3707, -4659169.0374], [-7619150.7826000005, -4659241.5013], [-7619845.0822, -4658925.311500002], [-7620262.9756000005, -4658380.0814], [-7620424.388900001, -4658219.3651], [-7621126.703500001, -4658543.647399999], [-7621767.9037999995, -4658707.643100001], [-7622055.8873, -4658611.978599999], [-7622378.602499999, -4658163.421], [-7622508.512399999, -4657584.638599999], [-7622606.2509, -4657136.125999998], [-7622702.987500001, -4656847.186700001], [-7623153.1635, -4656497.054499999], [-7623665.3445, -4656273.317699999], [-7624403.3927, -4655954.6578], [-7625076.875700001, -4655764.0929000005], [-7625525.2706, -4655637.146400001], [-7625941.3828, -4655285.774700001], [-7626058.824899999, -4655120.6954]]]}}, {"id": "16", "type": "Feature", "properties": {"OBJECTID": 239, "SHAPE_Area": 333256846.7, "SHAPE_Leng": 73058.952526, "applicat_1": null, "applicatio": 0, "award_da_1": "01 January 2009", "award_date": 2009, "award_type": "Gvt Direct Negot", "basin_name": "Chihuidos High (Neuquen Basin)", "block_alte": null, "block_even": null, "block_name": "Cerro Las Minas", "block_rest": "No", "block_sqkm": 208.26, "block_stat": "Surf Expl/Drilling", "block_vali": "Y", "contract_1": "Company Name Change", "contract_2": "YPF SA", "contract_3": 208.26, "contract_4": 208.26, "contract_5": 0.0, "contract_a": null, "contract_b": "Cerro Las Minas", "contract_d": 0.0, "contract_g": "YPF 73", "contract_n": "Cerro Las Minas", "contract_o": "YPF", "contract_s": "Surf Expl/Drilling", "contract_t": "Exploration Permit", "country_id": 1130.0, "country_na": "Argentina", "data_owner": "IHS Energy", "datum_name": "W.G.S. 84", "datum_shif": "Original WGS84 Coord", "datum_tran": 0.0, "deep_water": 0.0, "end_date_t": null, "epc_id": 100000056814.0, "exp_expi_1": null, "exp_expiry": null, "expiry_d_1": null, "expiry_dat": 0, "expiry_sch": "17 October 2020", "farm_in_to": 0.0, "ga_id": 100000179912.0, "general_cl": "Contract", "general_co": "License/Lease", "group_name": "YPF 73", "licensing_": null, "main_fss_z": null, "main_polit": "Neuquen", "max_water1": 0.0, "max_water_": 0.0, "median_w_1": 0.0, "median_wat": 0.0, "min_water1": 0.0, "min_water_": 0.0, "ons_offs_1": "ONS", "ons_offsho": "Onshore", "onshore_sq": 208.26, "operator_a": "YPF", "operator_n": "YPF SA", "par_id": 100000221757.0, "pct_of_ori": 100.0, "previous_b": "Cerro de Las Minas", "prod_expir": null, "reduction_": null, "region_id": 100000002827.0, "region_nam": "Latin America", "renewal_sc": null, "resource_t": "Unconventional", "rights_a_1": 0.0, "rights_abo": 0.0, "rights_b_1": 0.0, "rights_bel": 0.0, "rights_typ": "Explorat/Production", "shelf_sqkm": 0.0, "stage_numb": 12, "start_date": "28 May 2021", "terrains": "Land", "unc_type1": "Shale Oil & Gas", "unc_type2": null}, "geometry": {"type": "Polygon", "coordinates": [[[-7755440.237, -4546909.379500002], [-7755308.434800001, -4527986.461199999], [-7737720.2892, -4528093.294599999], [-7737773.611199999, -4538747.409000002], [-7737824.3729, -4547023.8708], [-7750447.112600001, -4546946.979800001], [-7755440.237, -4546909.379500002]]]}}, {"id": "17", "type": "Feature", "properties": {"OBJECTID": 243, "SHAPE_Area": 257557292.884, "SHAPE_Leng": 87222.9533665, "applicat_1": null, "applicatio": 0, "award_da_1": "25 August 2015", "award_date": 2015, "award_type": "Cp Direct Negot", "basin_name": "Neuquen Embayment (Neuquen Basin)", "block_alte": null, "block_even": null, "block_name": "Cruz de Lorena (Unconventional)", "block_rest": "No", "block_sqkm": 158.0, "block_stat": "Development", "block_vali": "Y", "contract_1": "Validity Extension", "contract_2": "O & G Developments Ltd SA", "contract_3": 158.0, "contract_4": 158.0, "contract_5": 0.0, "contract_a": null, "contract_b": "Cruz de Lorena (Unconventional)", "contract_d": 0.0, "contract_g": "OG DEV 3", "contract_n": "Cruz de Lorena (Unconventional)", "contract_o": "OG DEV", "contract_s": "Development", "contract_t": "Exploitation Concess", "country_id": 1130.0, "country_na": "Argentina", "data_owner": "IHS Energy", "datum_name": "W.G.S. 84", "datum_shif": "Original WGS84 Coord", "datum_tran": 0.0, "deep_water": 0.0, "end_date_t": null, "epc_id": 100000092864.0, "exp_expi_1": null, "exp_expiry": null, "expiry_d_1": null, "expiry_dat": 0, "expiry_sch": "25 August 2050", "farm_in_to": 0.0, "ga_id": 100000304789.0, "general_cl": "Contract", "general_co": "License/Lease", "group_name": "OG DEV 3", "licensing_": null, "main_fss_z": null, "main_polit": "Neuquen", "max_water1": 0.0, "max_water_": 0.0, "median_w_1": 0.0, "median_wat": 0.0, "min_water1": 0.0, "min_water_": 0.0, "ons_offs_1": "ONS", "ons_offsho": "Onshore", "onshore_sq": 158.0, "operator_a": "OG DEV", "operator_n": "O & G Developments Ltd SA", "par_id": 100000196770.0, "pct_of_ori": 100.0, "previous_b": "Cruz de Lorena", "prod_expir": null, "reduction_": null, "region_id": 100000002827.0, "region_nam": "Latin America", "renewal_sc": null, "resource_t": "Unconventional", "rights_a_1": 0.0, "rights_abo": 0.0, "rights_b_1": 0.0, "rights_bel": 0.0, "rights_typ": "Dev/Production", "shelf_sqkm": 0.0, "stage_numb": 3, "start_date": "27 December 2018", "terrains": "Land", "unc_type1": "Shale Oil & Gas", "unc_type2": null}, "geometry": {"type": "Polygon", "coordinates": [[[-7635876.869999999, -4624380.626200002], [-7625192.4253, -4614490.318799999], [-7624221.607999999, -4613584.596999999], [-7622005.6822, -4615361.105900001], [-7612129.5283, -4619133.712699998], [-7622907.4814, -4629498.767299999], [-7625862.4573, -4632336.811999999], [-7625808.2447, -4642621.531199999], [-7626125.393999999, -4642622.668200001], [-7632970.986, -4637114.419500001], [-7627066.154999999, -4631365.9109000005], [-7635876.869999999, -4624380.626200002]]]}}]}